Workbook

Sheet All SKUs Used (82)
A1: DFL SKU | B1: Product Name (Supabase) | C1: Category | D1: Brand | E1: Catalogue Page | F1: Catalogue Card
A2: 10001979 | B2: Covebay Fork & Napkin Combo 10x100 CBY871P | C2: PLASTIC | D2: Covebay | E2: 02 — Covebay Cups, Plates & Hot Drinkware | F2: Cutlery & Napkin Combos
A3: 10001436 | B3: Covebay Soup Spoon & Napkin Combo (10x100) CBY874P | C3: PLASTIC | D3: Covebay | E3: 02 — Covebay Cups, Plates & Hot Drinkware | F3: Cutlery & Napkin Combos
A4: 10000278 | B4: Covebay 12oz White Hot Paper Cup 20x50 - NIN - 12HCCOVE | C4: ECOCUP | D4: Covebay | E4: 02 — Covebay Cups, Plates & Hot Drinkware | F4: Hot Paper Cups
A5: 10002094 | B5: Covebay 16oz Hot Cup + Plastic Lids Combo NIN-16HC(40x25) | C5: ECOCUP | D5: Covebay | E5: 02 — Covebay Cups, Plates & Hot Drinkware | F5: Hot Paper Cups
A6: 10000266 | B6: Covebay 8oz Beige Ripple Wall Paper Cup (20x25) | C6: ECOCUP | D6: Covebay | E6: 02 — Covebay Cups, Plates & Hot Drinkware | F6: Hot Paper Cups
A7: 10000267 | B7: Covebay 8oz Hot Cup Fold Back Flat Lid - 20x50 - NIN-8FBWCOVE | C7: ECOCUP | D7: Covebay | E7: 02 — Covebay Cups, Plates & Hot Drinkware | F7: Hot Paper Cups
A8: 10000260 | B8: Covebay 8oz White Hot Paper Cup 20x50 -AC-8HC-2050COVE | C8: ECOCUP | D8: Covebay | E8: 02 — Covebay Cups, Plates & Hot Drinkware | F8: Hot Paper Cups
A9: 10001895 | B9: Covebay 8oz White Hot Paper Cup + Fold back lid Combo 40x25 -NIN-8HC-COVE 4025/25 | C9: ECOCUP | D9: Covebay | E9: 02 — Covebay Cups, Plates & Hot Drinkware | F9: Hot Paper Cups
A10: 10000264 | B10: Covebay 8oz White Paper Hot Cup 40x25 - AC-8HC-4025COVE | C10: ECOCUP | D10: Covebay | E10: 02 — Covebay Cups, Plates & Hot Drinkware | F10: Hot Paper Cups
A11: 10001897 | B11: Pricesmart Covebay 8oz Hot Cup - 5X200 | C11: ECOCUP | D11: Covebay | E11: 02 — Covebay Cups, Plates & Hot Drinkware | F11: Hot Paper Cups
A12: 10000337 | B12: Covebay 6mm Wrapped Paper Straw 30x100 - Made in Jamaica | C12: ECOSTRAW | D12: Covebay | E12: 02 — Covebay Cups, Plates & Hot Drinkware | F12: Paper Straws
... A83: 10000689 | B83: Rhino Green Garbage Bags Small (12rollsx40) 20"x22"x0.5ml - BIODEGRADABLE | C83: GARBAGEBAG | D83: Rhino | E83: 05 — Rhino Garbage Bags | F83: Green Garbage Bags (Biodegradable)

Sheet Cards in Catalogue
A1: DFL Catalogue 2026 — product families currently in the build
A2: Source: Supabase "price_products" table, queried 2026-09-10. 82 active SKUs across the 6 catalogue brands (Covebay, Domino, Bingo, Rhino, Clean & White, White & Bright) were consolidated into the 22 cards below, across 4 product pages. No price or revenue data is included, per instruction. See "All SKUs Used (82)" for the underlying SKU-level list, and "Not Included This Round" for real or planned products that are NOT in this edition.
A7: Page | B7: Card / Product Family | C7: Brand | D7: # Real SKUs Folded In
A8: 02 — Covebay Cups, Plates & Hot Drinkware | B8: Cutlery & Napkin Combos | C8: Covebay | D8: =COUNTIFS('All SKUs Used (82)'!$E:$E,$A8,'All SKUs Used (82)'!$F:$F,$B8)
A9: 02 — Covebay Cups, Plates & Hot Drinkware | B9: Hot Paper Cups | C9: Covebay | D9: =COUNTIFS('All SKUs Used (82)'!$E:$E,$A9,'All SKUs Used (82)'!$F:$F,$B9)
A10: 02 — Covebay Cups, Plates & Hot Drinkware | B10: Paper Straws | C10: Covebay | D10: =COUNTIFS('All SKUs Used (82)'!$E:$E,$A10,'All SKUs Used (82)'!$F:$F,$B10)
A11: 02 — Covebay Cups, Plates & Hot Drinkware | B11: Plastic Cups | C11: Covebay | D11: =COUNTIFS('All SKUs Used (82)'!$E:$E,$A11,'All SKUs Used (82)'!$F:$F,$B11)
A12: 02 — Covebay Cups, Plates & Hot Drinkware | B12: Plastic Plates | C12: Covebay | D12: =COUNTIFS('All SKUs Used (82)'!$E:$E,$A12,'All SKUs Used (82)'!$F:$F,$B12)
A13: 02 — Covebay Cups, Plates & Hot Drinkware | B13: Smoothie Cups | C13: Covebay | D13: =COUNTIFS('All SKUs Used (82)'!$E:$E,$A13,'All SKUs Used (82)'!$F:$F,$B13)
A14: 02 — Covebay Cups, Plates & Hot Drinkware | B14: Soup Containers | C14: Covebay | D14: =COUNTIFS('All SKUs Used (82)'!$E:$E,$A14,'All SKUs Used (82)'!$F:$F,$B14)
A15: 03 — Covebay Take-Out, Foil & Wrap | B15: Bagasse Boxes | C15: Covebay | D15: =COUNTIFS('All SKUs Used (82)'!$E:$E,$A15,'All SKUs Used (82)'!$F:$F,$B15)
A16: 03 — Covebay Take-Out, Foil & Wrap | B16: Clamshell Containers | C16: Covebay | D16: =COUNTIFS('All SKUs Used (82)'!$E:$E,$A16,'All SKUs Used (82)'!$F:$F,$B16)
A17: 03 — Covebay Take-Out, Foil & Wrap | B17: Cling Film & Meat Film | C17: Covebay | D17: =COUNTIFS('All SKUs Used (82)'!$E:$E,$A17,'All SKUs Used (82)'!$F:$F,$B17)
A18: 03 — Covebay Take-Out, Foil & Wrap | B18: Foil Pans & Lids | C18: Covebay | D18: =COUNTIFS('All SKUs Used (82)'!$E:$E,$A18,'All SKUs Used (82)'!$F:$F,$B18)
A19: 03 — Covebay Take-Out, Foil & Wrap | B19: Kraft & Paper Lunch Boxes | C19: Covebay | D19: =COUNTIFS('All SKUs Used (82)'!$E:$E,$A19,'All SKUs Used (82)'!$F:$F,$B19)
... A29: 05 — Rhino Garbage Bags | B29: Green Garbage Bags (Biodegradable) | C29: Rhino | D29: =COUNTIFS('All SKUs Used (82)'!$E:$E,$A29,'All SKUs Used (82)'!$F:$F,$B29)
C30: TOTAL | D30: =SUM(D8:D29)

Sheet Not Included This Round
A1: 1. Ol' Timez — has real active SKUs in Supabase, not in this round's brand list
A2: DFL SKU | B2: Product Name (Supabase) | C2: Category
A3: 10000002 | B3: Ol' Timez Ginger Beer 500ml 24c/s | C3: BEVERAGES
A4: 10002364 | B4: Ol' Timez Coconut Oil 500ml - 24c/s | C4: FOODSUP
A5: 10002365 | B5: Ol' Timez Coconut Oil 900ml - 12c/s | C5: FOODSUP
A6: 10002366 | B6: Ol' Timez Coconut Oil 2 Litre - 6c/s | C6: FOODSUP
A7: 10001841 | B7: Ol' Timez Corned Beef 198g/7oz - 24c/s | C7: FOODSUP
A8: 10001842 | B8: Ol' Timez Corned Beef 340g/12oz - 24c/s | C8: FOODSUP
A11: 2. Covebay "New for 2026" lines — no SKU exists yet in Supabase (not fabricated)
A12: Product Name | B12: Note
A13: Covebay Bath Tissue | B13: No DFL SKU yet — not orderable, needs setup before it can appear in the catalogue
A14: Covebay Paper Towel | B14: No DFL SKU yet — not orderable, needs setup before it can appear in the catalogue
A15: Covebay Soap Powder | B15: No DFL SKU yet — not orderable, needs setup before it can appear in the catalogue
A16: Covebay Easy Dispense Garbage Bags | B16: No DFL SKU yet — not orderable, needs setup before it can appear in the catalogue
